Code,Name,Geography,Mid-2024,,,,,,,,Mid-2016,Mid-2015,Mid-2014,Mid-2013,Mid-2012,Mid-2011
K02000001,UNITED KINGDOM,Country,"69,281,437",,,,,,,,"65,605,841","65,086,958","64,618,693","64,138,221","63,710,543","63,285,145"
K03000001,GREAT BRITAIN,Country,"67,353,582",,,,,,,,"63,739,799","63,232,015","62,775,507","62,306,544","61,885,940","61,470,827"
K04000001,ENGLAND AND WALES,Country,"61,806,682",,,,,,,,"58,366,199","57,881,415","57,444,107","56,989,744","56,577,740","56,170,927"
E92000001,ENGLAND,Country,"58,620,101",,,,,,,,"55,289,034","54,808,676","54,370,319","53,918,686","53,506,812","53,107,169"
E12000001,NORTH EAST,Region,"2,760,678",,,,,,,,"2,618,253","2,611,804","2,610,482","2,603,299","2,598,972","2,596,441"
E06000047,County Durham,Unitary Authority,"538,011",,,,,,,,"514,431","513,924","513,604","513,179","513,122","512,994"
E06000005,Darlington,Unitary Authority,"112,489",,,,,,,,"106,258","105,988","105,825","105,591","105,557","105,584"
E06000001,Hartlepool,Unitary Authority,"98,180",,,,,,,,"92,260","92,125","92,358","92,465","92,344","92,088"
E06000002,Middlesbrough,Unitary Authority,"156,161",,,,,,,,"140,649","139,602","139,030","138,588","138,472","138,368"
E06000057,Northumberland,Unitary Authority,"331,420",,,,,,,,"314,327","314,188","315,274","315,013","315,924","316,278"
E06000003,Redcar and Cleveland,Unitary Authority,"139,228",,,,,,,,"135,344","135,370","135,106","134,838","134,951","135,164"
E06000004,Stockton-on-Tees,Unitary Authority,"206,800",,,,,,,,"196,412","195,790","195,113","193,923","192,837","191,824"
E11000007,Tyne and Wear (Met County),Metropolitan County,"1,178,389",,,,,,,,"1,118,572","1,114,817","1,114,172","1,109,702","1,105,765","1,104,141"
E08000037,Gateshead,Metropolitan District,"202,760",,,,,,,,"201,359","201,271","200,728","200,299","200,252","200,349"
E08000021,Newcastle upon Tyne,Metropolitan District,"320,605",,,,,,,,"290,316","287,955","286,876","284,371","280,869","279,092"
E08000022,North Tyneside,Metropolitan District,"215,025",,,,,,,,"203,743","202,953","203,211","202,268","201,566","201,206"
E08000023,South Tyneside,Metropolitan District,"151,393",,,,,,,,"147,664","147,230","147,606","147,517","147,761","148,164"
E08000024,Sunderland,Metropolitan District,"288,606",,,,,,,,"275,490","275,408","275,751","275,247","275,317","275,330"
E12000002,NORTH WEST,Region,"7,737,414",,,,,,,,"7,234,141","7,182,651","7,141,096","7,105,146","7,079,344","7,055,961"
E06000008,Blackburn with Darwen,Unitary Authority,"162,540",,,,,,,,"151,497","150,490","149,579","149,148","148,532","147,657"
E06000009,Blackpool,Unitary Authority,"144,191",,,,,,,,"141,996","141,788","142,253","142,733","142,565","142,080"
E06000049,Cheshire East,Unitary Authority,"421,298",,,,,,,,"381,414","378,511","376,574","373,956","372,501","370,736"
E06000050,Cheshire West and Chester,Unitary Authority,"371,652",,,,,,,,"342,424","339,181","336,437","333,476","331,231","329,526"
E06000063,Cumberland,Unitary Authority,"280,495",,,,,,,,"274,192","274,195","274,139","274,032","274,285","274,546"
E06000006,Halton,Unitary Authority,"131,543",,,,,,,,"126,851","126,464","126,335","125,889","125,596","125,722"
E06000007,Warrington,Unitary Authority,"215,391",,,,,,,,"210,873","209,575","208,056","205,905","203,914","202,709"
E06000064,Westmorland and Furness,Unitary Authority,"230,185",,,,,,,,"224,754","224,523","224,164","224,048","224,550","225,271"
E11000001,Greater Manchester (Met County),Metropolitan County,"3,009,664",,,,,,,,"2,784,566","2,756,962","2,733,895","2,714,958","2,700,093","2,685,386"
E08000001,Bolton,Metropolitan District,"310,085",,,,,,,,"287,253","284,972","283,212","281,629","279,738","277,296"
E08000002,Bury,Metropolitan District,"198,921",,,,,,,,"190,470","189,254","188,406","187,093","186,632","185,422"
E08000003,Manchester,Metropolitan District,"589,670",,,,,,,,"533,446","523,321","515,360","510,783","506,869","502,902"
E08000004,Oldham,Metropolitan District,"251,560",,,,,,,,"235,021","232,693","230,348","227,866","226,057","225,157"
E08000005,Rochdale,Metropolitan District,"235,561",,,,,,,,"216,251","214,560","213,462","212,503","212,345","211,929"
E08000006,Salford,Metropolitan District,"294,348",,,,,,,,"251,562","246,942","242,602","239,718","237,421","234,487"
E08000007,Stockport,Metropolitan District,"303,929",,,,,,,,"289,879","288,210","286,267","284,816","283,953","283,253"
E08000008,Tameside,Metropolitan District,"239,643",,,,,,,,"225,480","223,642","222,364","221,446","220,457","219,727"
E08000009,Trafford,Metropolitan District,"241,025",,,,,,,,"233,710","232,504","231,799","230,367","228,512","227,091"
E08000010,Wigan,Metropolitan District,"344,922",,,,,,,,"321,494","320,864","320,075","318,737","318,109","318,122"
E10000017,Lancashire,County,"1,294,914",,,,,,,,"1,195,310","1,189,153","1,183,512","1,178,586","1,174,321","1,171,558"
E07000117,Burnley,Non-metropolitan District,"99,233",,,,,,,,"89,891","89,230","88,786","87,795","87,563","87,032"
E07000118,Chorley,Non-metropolitan District,"120,839",,,,,,,,"113,593","112,418","111,174","110,160","108,916","107,591"
E07000119,Fylde,Non-metropolitan District,"85,447",,,,,,,,"77,886","77,135","76,907","76,253","75,901","76,098"
E07000120,Hyndburn,Non-metropolitan District,"86,058",,,,,,,,"81,242","80,781","80,707","80,316","80,362","80,549"
E07000121,Lancaster,Non-metropolitan District,"145,006",,,,,,,,"138,572","138,102","138,469","138,695","138,452","137,823"
E07000122,Pendle,Non-metropolitan District,"99,777",,,,,,,,"92,502","91,531","90,803","90,720","89,873","89,576"
E07000123,Preston,Non-metropolitan District,"162,864",,,,,,,,"140,468","140,615","140,158","140,302","140,216","140,054"
E07000124,Ribble Valley,Non-metropolitan District,"65,794",,,,,,,,"58,611","58,275","57,911","57,692","57,509","57,292"
E07000125,Rossendale,Non-metropolitan District,"73,045",,,,,,,,"69,475","69,196","68,931","68,505","68,144","68,053"
E07000126,South Ribble,Non-metropolitan District,"116,113",,,,,,,,"110,253","109,873","109,357","108,916","108,879","109,181"
E07000127,West Lancashire,Non-metropolitan District,"121,995",,,,,,,,"114,243","113,536","112,544","111,735","111,040","110,617"
E07000128,Wyre,Non-metropolitan District,"118,743",,,,,,,,"108,574","108,461","107,765","107,497","107,466","107,692"
E11000002,Merseyside (Met County),Metropolitan County,"1,475,541",,,,,,,,"1,400,264","1,391,809","1,386,152","1,382,415","1,381,756","1,380,770"
E08000011,Knowsley,Metropolitan District,"162,565",,,,,,,,"147,928","147,300","146,562","146,370","146,227","145,903"
E08000012,Liverpool,Metropolitan District,"508,961",,,,,,,,"475,486","469,953","465,745","465,815","465,365","465,656"
E08000014,Sefton,Metropolitan District,"286,281",,,,,,,,"276,707","275,546","275,143","273,814","273,979","273,969"
E08000013,St. Helens,Metropolitan District,"188,861",,,,,,,,"179,229","178,296","177,785","176,451","176,214","175,405"
E08000015,Wirral,Metropolitan District,"328,873",,,,,,,,"320,914","320,714","320,917","319,965","319,971","319,837"
E12000003,YORKSHIRE AND THE HUMBER,Region,"5,672,962",,,,,,,,"5,408,058","5,377,362","5,356,428","5,335,092","5,313,486","5,288,212"
E06000011,East Riding of Yorkshire,Unitary Authority,"355,884",,,,,,,,"336,323","334,735","335,625","334,572","334,972","334,673"
E06000010,"Kingston upon Hull, City of",Unitary Authority,"275,401",,,,,,,,"265,338","262,711","260,896","259,094","258,085","256,123"
E06000012,North East Lincolnshire,Unitary Authority,"159,911",,,,,,,,"158,877","159,140","159,420","159,456","159,408","159,735"
E06000013,North Lincolnshire,Unitary Authority,"171,336",,,,,,,,"170,174","169,212","168,816","168,309","167,974","167,516"
E06000065,North Yorkshire,Unitary Authority,"635,270",,,,,,,,"605,770","603,711","603,672","604,151","603,963","601,206"
E06000014,York,Unitary Authority,"209,301",,,,,,,,"202,892","203,212","202,206","201,168","199,157","197,783"
E11000003,South Yorkshire (Met County),Metropolitan County,"1,430,623",,,,,,,,"1,366,070","1,359,690","1,356,290","1,352,510","1,348,437","1,343,805"
E08000016,Barnsley,Metropolitan District,"251,770",,,,,,,,"240,061","238,242","236,421","234,875","233,259","231,865"
E08000017,Doncaster,Metropolitan District,"319,765",,,,,,,,"306,137","304,311","303,673","302,991","302,626","302,468"
E08000018,Rotherham,Metropolitan District,"276,595",,,,,,,,"263,273","262,063","261,391","259,391","258,710","257,716"
E08000019,Sheffield,Metropolitan District,"582,493",,,,,,,,"556,599","555,074","554,805","555,253","553,842","551,756"
E11000006,West Yorkshire (Met County),Metropolitan County,"2,435,236",,,,,,,,"2,302,614","2,284,951","2,269,503","2,255,832","2,241,490","2,227,371"
E08000032,Bradford,Metropolitan District,"563,605",,,,,,,,"538,178","534,919","531,795","528,712","525,522","523,115"
E08000033,Calderdale,Metropolitan District,"210,929",,,,,,,,"207,744","207,027","206,614","205,854","205,116","204,170"
E08000034,Kirklees,Metropolitan District,"447,847",,,,,,,,"432,588","431,110","429,036","427,009","424,922","422,970"
E08000035,Leeds,Metropolitan District,"845,189",,,,,,,,"786,739","777,987","770,434","764,369","758,029","750,683"
E08000036,Wakefield,Metropolitan District,"367,666",,,,,,,,"337,365","333,908","331,624","329,888","327,901","326,433"
E12000004,EAST MIDLANDS,Region,"5,063,164",,,,,,,,"4,731,615","4,681,640","4,642,629","4,604,568","4,570,702","4,537,448"
E06000015,Derby,Unitary Authority,"274,149",,,,,,,,"259,883","257,406","255,320","253,812","251,804","248,943"
E06000016,Leicester,Unitary Authority,"388,348",,,,,,,,"356,789","349,853","342,917","338,852","334,099","329,627"
E06000061,North Northamptonshire,Unitary Authority,"373,871",,,,,,,,"341,647","335,250","330,649","325,788","322,316","317,959"
E06000018,Nottingham,Unitary Authority,"331,077",,,,,,,,"317,625","313,265","310,339","308,681","307,436","303,899"
E06000017,Rutland,Unitary Authority,"41,443",,,,,,,,"39,044","38,438","38,294","37,833","37,114","37,581"
E06000062,West Northamptonshire,Unitary Authority,"439,811",,,,,,,,"405,019","397,939","391,024","385,699","380,827","376,008"
E10000007,Derbyshire,County,"822,377",,,,,,,,"779,957","777,373","776,326","774,002","772,590","770,688"
E07000032,Amber Valley,Non-metropolitan District,"130,451",,,,,,,,"123,411","122,835","123,018","122,856","122,438","122,521"
E07000033,Bolsover,Non-metropolitan District,"83,773",,,,,,,,"77,870","77,625","77,074","76,811","76,505","76,029"
E07000034,Chesterfield,Non-metropolitan District,"106,045",,,,,,,,"104,347","104,415","104,285","104,102","103,835","103,788"
E07000035,Derbyshire Dales,Non-metropolitan District,"71,757",,,,,,,,"70,883","70,893","71,154","71,148","71,272","71,104"
E07000036,Erewash,Non-metropolitan District,"114,253",,,,,,,,"114,249","113,984","113,639","112,871","112,716","112,249"
E07000037,High Peak,Non-metropolitan District,"91,959",,,,,,,,"90,812","90,766","90,860","90,930","90,983","90,982"
E07000038,North East Derbyshire,Non-metropolitan District,"106,646",,,,,,,,"99,755","99,173","99,083","99,091","99,320","99,100"
E07000039,South Derbyshire,Non-metropolitan District,"117,493",,,,,,,,"98,630","97,682","97,213","96,193","95,521","94,915"
E10000018,Leicestershire,County,"745,573",,,,,,,,"678,088","671,115","665,412","658,881","655,098","651,179"
E07000129,Blaby,Non-metropolitan District,"108,165",,,,,,,,"98,014","96,604","95,964","95,045","94,656","94,132"
E07000130,Charnwood,Non-metropolitan District,"188,385",,,,,,,,"174,625","172,909","170,946","168,766","167,474","165,876"
E07000131,Harborough,Non-metropolitan District,"104,713",,,,,,,,"90,610","89,402","87,991","87,346","86,350","85,699"
E07000132,Hinckley and Bosworth,Non-metropolitan District,"116,682",,,,,,,,"109,920","108,609","107,468","106,415","105,955","105,328"
E07000133,Melton,Non-metropolitan District,"54,052",,,,,,,,"51,146","51,013","50,990","50,891","50,814","50,495"
E07000134,North West Leicestershire,Non-metropolitan District,"111,881",,,,,,,,"97,729","96,362","95,270","94,358","93,805","93,670"
E07000135,Oadby and Wigston,Non-metropolitan District,"61,695",,,,,,,,"56,044","56,216","56,783","56,060","56,044","55,979"
E10000019,Lincolnshire,County,"789,502",,,,,,,,"746,141","738,351","732,981","725,901","719,807","714,768"
E07000136,Boston,Non-metropolitan District,"71,080",,,,,,,,"68,589","67,586","67,142","66,612","65,264","64,615"
E07000137,East Lindsey,Non-metropolitan District,"145,183",,,,,,,,"138,488","137,753","137,342","136,399","136,431","136,683"
E07000138,Lincoln,Non-metropolitan District,"105,114",,,,,,,,"100,679","99,442","98,482","97,452","95,501","93,085"
E07000139,North Kesteven,Non-metropolitan District,"122,468",,,,,,,,"113,063","111,665","110,746","109,654","109,139","108,518"
E07000140,South Holland,Non-metropolitan District,"99,298",,,,,,,,"91,970","90,802","89,914","89,046","88,502","88,390"
E07000141,South Kesteven,Non-metropolitan District,"147,151",,,,,,,,"140,409","138,915","138,082","136,342","135,092","134,125"
E07000142,West Lindsey,Non-metropolitan District,"99,208",,,,,,,,"92,943","92,188","91,273","90,396","89,878","89,352"
E10000024,Nottinghamshire,County,"857,013",,,,,,,,"807,422","802,650","799,367","795,119","789,611","786,796"
E07000170,Ashfield,Non-metropolitan District,"129,572",,,,,,,,"123,989","123,115","122,199","121,352","119,990","119,522"
E07000171,Bassetlaw,Non-metropolitan District,"124,937",,,,,,,,"114,879","114,393","114,026","113,577","113,248","113,003"
E07000172,Broxtowe,Non-metropolitan District,"114,565",,,,,,,,"110,346","110,398","110,527","110,470","110,300","109,749"
E07000173,Gedling,Non-metropolitan District,"120,179",,,,,,,,"116,418","115,977","115,840","114,963","114,062","113,741"
E07000174,Mansfield,Non-metropolitan District,"113,138",,,,,,,,"108,952","107,510","106,514","105,771","104,995","104,551"
E07000175,Newark and Sherwood,Non-metropolitan District,"127,886",,,,,,,,"119,388","118,248","117,638","116,670","115,773","114,982"
E07000176,Rushcliffe,Non-metropolitan District,"126,736",,,,,,,,"113,450","113,009","112,623","112,316","111,243","111,248"
E12000005,WEST MIDLANDS,Region,"6,187,204",,,,,,,,"5,812,248","5,756,287","5,716,882","5,676,945","5,640,325","5,608,667"
E06000019,"Herefordshire, County of",Unitary Authority,"191,047",,,,,,,,"186,225","185,778","185,523","184,748","184,208","183,619"
E06000051,Shropshire,Unitary Authority,"332,455",,,,,,,,"312,836","310,751","309,436","308,181","307,921","307,108"
E06000021,Stoke-on-Trent,Unitary Authority,"270,425",,,,,,,,"256,168","254,095","253,316","251,568","250,322","248,719"
E06000020,Telford and Wrekin,Unitary Authority,"195,952",,,,,,,,"175,352","172,898","170,610","169,014","167,964","166,831"
E10000028,Staffordshire,County,"907,153",,,,,,,,"861,230","857,167","856,391","854,573","850,682","849,546"
E07000192,Cannock Chase,Non-metropolitan District,"104,088",,,,,,,,"97,312","97,502","97,703","97,578","97,537","97,582"
E07000193,East Staffordshire,Non-metropolitan District,"129,659",,,,,,,,"118,986","117,657","116,812","115,724","114,853","113,858"
E07000194,Lichfield,Non-metropolitan District,"111,932",,,,,,,,"102,624","102,430","101,910","101,808","101,286","100,911"
E07000195,Newcastle-under-Lyme,Non-metropolitan District,"127,727",,,,,,,,"125,367","123,919","124,162","123,872","123,132","123,878"
E07000196,South Staffordshire,Non-metropolitan District,"114,423",,,,,,,,"109,814","109,704","109,886","109,840","108,331","108,318"
E07000197,Stafford,Non-metropolitan District,"141,556",,,,,,,,"132,507","131,221","131,312","131,485","131,324","130,895"
E07000198,Staffordshire Moorlands,Non-metropolitan District,"96,651",,,,,,,,"96,932","97,102","97,235","96,958","96,936","97,209"
E07000199,Tamworth,Non-metropolitan District,"81,117",,,,,,,,"77,688","77,632","77,371","77,308","77,283","76,895"
E10000031,Warwickshire,County,"632,207",,,,,,,,"566,625","561,471","557,454","553,178","550,276","546,554"
E07000218,North Warwickshire,Non-metropolitan District,"67,117",,,,,,,,"62,908","62,681","62,292","62,057","62,099","62,089"
E07000219,Nuneaton and Bedworth,Non-metropolitan District,"141,565",,,,,,,,"129,899","128,588","127,980","127,275","126,438","125,409"
E07000220,Rugby,Non-metropolitan District,"122,378",,,,,,,,"107,555","106,327","104,734","102,851","101,509","100,496"
E07000221,Stratford-on-Avon,Non-metropolitan District,"146,258",,,,,,,,"123,729","122,850","122,142","121,548","121,005","120,824"
E07000222,Warwick,Non-metropolitan District,"154,889",,,,,,,,"142,534","141,025","140,306","139,447","139,225","137,736"
E11000005,West Midlands (Met County),Metropolitan County,"3,036,605",,,,,,,,"2,865,850","2,831,662","2,805,420","2,781,813","2,758,833","2,739,733"
E08000025,Birmingham,Metropolitan District,"1,183,618",,,,,,,,"1,131,271","1,114,932","1,103,724","1,094,531","1,084,661","1,074,283"
E08000026,Coventry,Metropolitan District,"369,026",,,,,,,,"337,064","331,112","325,066","322,146","318,141","316,915"
E08000027,Dudley,Metropolitan District,"331,930",,,,,,,,"317,669","316,393","315,700","314,460","313,631","313,261"
E08000028,Sandwell,Metropolitan District,"353,860",,,,,,,,"330,051","325,911","321,610","317,499","312,710","309,042"
E08000029,Solihull,Metropolitan District,"221,242",,,,,,,,"213,061","211,697","211,205","209,115","207,729","206,856"
E08000030,Walsall,Metropolitan District,"295,678",,,,,,,,"278,429","275,490","273,764","271,704","270,517","269,524"
E08000031,Wolverhampton,Metropolitan District,"281,251",,,,,,,,"258,305","256,127","254,351","252,358","251,444","249,852"
E10000034,Worcestershire,County,"621,360",,,,,,,,"587,962","582,465","578,732","573,870","570,119","566,557"
E07000234,Bromsgrove,Non-metropolitan District,"101,685",,,,,,,,"96,254","95,440","95,380","94,530","94,179","93,732"
E07000235,Malvern Hills,Non-metropolitan District,"83,227",,,,,,,,"76,391","76,024","76,208","75,454","75,116","74,706"
E07000236,Redditch,Non-metropolitan District,"87,847",,,,,,,,"86,432","85,866","85,266","85,072","84,667","84,318"
E07000237,Worcester,Non-metropolitan District,"106,671",,,,,,,,"104,696","103,093","102,267","101,295","100,082","98,679"
E07000238,Wychavon,Non-metropolitan District,"138,017",,,,,,,,"123,632","121,990","120,170","118,841","117,858","117,074"
E07000239,Wyre Forest,Non-metropolitan District,"103,913",,,,,,,,"100,557","100,052","99,441","98,678","98,217","98,048"
E12000006,EAST,Region,"6,576,306",,,,,,,,"6,161,075","6,098,262","6,039,521","5,970,484","5,915,033","5,862,418"
E06000055,Bedford,Unitary Authority,"194,976",,,,,,,,"173,703","170,149","166,856","163,672","160,344","157,840"
E06000056,Central Bedfordshire,Unitary Authority,"315,877",,,,,,,,"274,909","270,962","267,066","263,425","259,524","255,644"
E06000032,Luton,Unitary Authority,"239,090",,,,,,,,"220,952","217,612","213,749","209,624","205,873","203,641"
E06000031,Peterborough,Unitary Authority,"223,655",,,,,,,,"205,091","200,246","195,766","192,488","188,675","184,457"
E06000033,Southend-on-Sea,Unitary Authority,"185,256",,,,,,,,"180,465","179,203","178,610","176,350","175,196","174,274"
E06000034,Thurrock,Unitary Authority,"180,989",,,,,,,,"168,977","166,622","164,451","161,702","160,026","158,268"
E10000003,Cambridgeshire,County,"710,317",,,,,,,,"657,286","651,011","643,025","634,996","628,779","622,312"
E07000008,Cambridge,Non-metropolitan District,"149,352",,,,,,,,"136,054","133,654","130,432","127,819","124,679","122,725"
E07000009,East Cambridgeshire,Non-metropolitan District,"92,906",,,,,,,,"86,952","86,757","86,316","85,483","85,101","84,245"
E07000010,Fenland,Non-metropolitan District,"104,896",,,,,,,,"101,075","99,991","98,571","97,556","96,429","95,461"
E07000011,Huntingdonshire,Non-metropolitan District,"190,619",,,,,,,,"176,425","175,647","174,283","172,540","171,437","170,039"
E07000012,South Cambridgeshire,Non-metropolitan District,"172,544",,,,,,,,"156,780","154,962","153,423","151,598","151,133","149,842"
E10000012,Essex,County,"1,563,365",,,,,,,,"1,460,525","1,447,710","1,436,516","1,418,900","1,407,607","1,396,599"
E07000066,Basildon,Non-metropolitan District,"193,632",,,,,,,,"184,651","182,734","181,317","178,944","176,622","174,971"
E07000067,Braintree,Non-metropolitan District,"164,304",,,,,,,,"151,848","150,908","150,314","149,285","148,443","147,514"
E07000068,Brentwood,Non-metropolitan District,"79,326",,,,,,,,"77,163","76,690","76,193","74,912","74,255","73,841"
E07000069,Castle Point,Non-metropolitan District,"90,581",,,,,,,,"89,390","88,854","88,654","88,377","88,119","87,964"
E07000070,Chelmsford,Non-metropolitan District,"188,803",,,,,,,,"175,137","173,397","172,128","170,481","169,301","168,491"
E07000071,Colchester,Non-metropolitan District,"200,222",,,,,,,,"185,361","183,242","180,414","177,308","175,840","173,614"
E07000072,Epping Forest,Non-metropolitan District,"137,451",,,,,,,,"131,587","130,848","130,040","128,068","126,599","124,880"
E07000073,Harlow,Non-metropolitan District,"98,235",,,,,,,,"88,913","87,797","86,531","84,743","83,478","82,177"
E07000074,Maldon,Non-metropolitan District,"69,131",,,,,,,,"63,319","62,796","62,807","62,184","61,942","61,720"
E07000075,Rochford,Non-metropolitan District,"89,815",,,,,,,,"84,568","84,291","84,111","83,372","83,582","83,333"
E07000076,Tendring,Non-metropolitan District,"156,759",,,,,,,,"143,023","141,531","140,275","138,862","138,278","138,062"
E07000077,Uttlesford,Non-metropolitan District,"95,106",,,,,,,,"85,565","84,622","83,732","82,364","81,148","80,032"
E10000015,Hertfordshire,County,"1,236,191",,,,,,,,"1,180,234","1,167,308","1,156,321","1,143,681","1,131,536","1,119,824"
E07000095,Broxbourne,Non-metropolitan District,"101,900",,,,,,,,"98,153","97,275","96,776","95,712","94,990","93,702"
E07000096,Dacorum,Non-metropolitan District,"161,420",,,,,,,,"152,462","150,906","149,380","148,057","146,826","145,298"
E07000242,East Hertfordshire,Non-metropolitan District,"156,875",,,,,,,,"144,801","143,293","141,915","140,519","139,256","138,155"
E07000098,Hertsmere,Non-metropolitan District,"110,212",,,,,,,,"105,372","104,414","103,541","102,201","101,389","100,379"
E07000099,North Hertfordshire,Non-metropolitan District,"137,201",,,,,,,,"133,103","131,662","131,062","129,460","128,542","127,494"
E07000240,St Albans,Non-metropolitan District,"151,012",,,,,,,,"147,823","146,894","145,938","144,222","142,616","141,248"
E07000243,Stevenage,Non-metropolitan District,"91,774",,,,,,,,"88,466","87,482","86,719","85,974","85,052","84,247"
E07000102,Three Rivers,Non-metropolitan District,"95,807",,,,,,,,"92,959","91,961","90,723","89,814","89,115","87,921"
E07000103,Watford,Non-metropolitan District,"107,171",,,,,,,,"100,458","99,449","98,101","95,732","93,066","90,653"
E07000241,Welwyn Hatfield,Non-metropolitan District,"122,819",,,,,,,,"116,637","113,972","112,166","111,990","110,684","110,727"
E10000020,Norfolk,County,"940,359",,,,,,,,"891,150","882,938","876,986","870,771","864,776","859,426"
E07000143,Breckland,Non-metropolitan District,"146,620",,,,,,,,"137,190","135,667","134,204","132,905","131,701","131,009"
E07000144,Broadland,Non-metropolitan District,"138,157",,,,,,,,"126,642","125,837","125,305","125,081","124,952","124,740"
E07000145,Great Yarmouth,Non-metropolitan District,"100,529",,,,,,,,"99,471","99,031","98,520","98,076","97,682","97,424"
E07000146,King's Lynn and West Norfolk,Non-metropolitan District,"156,206",,,,,,,,"152,867","151,863","150,742","149,722","148,938","147,936"
E07000147,North Norfolk,Non-metropolitan District,"103,217",,,,,,,,"102,176","101,973","102,012","101,410","101,445","101,664"
E07000148,Norwich,Non-metropolitan District,"147,182",,,,,,,,"141,332","138,625","137,631","136,514","134,378","132,158"
E07000149,South Norfolk,Non-metropolitan District,"148,448",,,,,,,,"131,472","129,942","128,572","127,063","125,680","124,495"
E10000029,Suffolk,County,"786,231",,,,,,,,"747,783","744,501","740,175","734,875","732,697","730,133"
E07000200,Babergh,Non-metropolitan District,"97,033",,,,,,,,"89,584","89,391","88,999","88,420","88,144","87,901"
E07000244,East Suffolk,Non-metropolitan District,"249,664",,,,,,,,"241,807","240,479","239,929","239,921","239,607","239,946"
E07000202,Ipswich,Non-metropolitan District,"140,274",,,,,,,,"141,245","139,694","138,108","136,760","135,694","133,729"
E07000203,Mid Suffolk,Non-metropolitan District,"110,775",,,,,,,,"98,731","98,760","98,404","97,636","97,432","97,076"
E07000245,West Suffolk,Non-metropolitan District,"188,485",,,,,,,,"176,416","176,177","174,735","172,138","171,820","171,481"
E12000007,LONDON,Region,"9,089,736",,,,,,,,"8,743,651","8,659,545","8,547,192","8,438,987","8,320,767","8,204,407"
E09000007,Camden,London Borough,"216,943",,,,,,,,"221,024","221,032","221,095","221,348","219,647","220,087"
E09000001,City of London,London Borough,"15,111",,,,,,,,"7,737","7,668","7,567","7,537","7,514","7,412"
E09000012,Hackney,London Borough,"266,758",,,,,,,,"264,892","261,929","258,735","255,646","251,193","247,182"
E09000013,Hammersmith and Fulham,London Borough,"188,687",,,,,,,,"187,472","187,246","186,659","186,056","184,439","182,445"
E09000014,Haringey,London Borough,"263,850",,,,,,,,"276,262","272,938","268,901","265,054","259,312","255,540"
E09000019,Islington,London Borough,"223,024",,,,,,,,"220,620","218,255","214,986","212,604","208,762","206,285"
E09000020,Kensington and Chelsea,London Borough,"144,518",,,,,,,,"152,708","156,149","156,178","156,823","157,240","158,251"
E09000022,Lambeth,London Borough,"316,920",,,,,,,,"326,613","322,881","318,196","314,375","310,449","304,481"
E09000023,Lewisham,London Borough,"301,255",,,,,,,,"298,809","295,364","291,086","286,056","281,011","276,938"
E09000025,Newham,London Borough,"374,523",,,,,,,,"335,337","330,322","322,984","316,952","313,750","310,460"
E09000028,Southwark,London Borough,"314,786",,,,,,,,"306,720","304,048","299,685","297,868","293,078","288,717"
E09000030,Tower Hamlets,London Borough,"331,886",,,,,,,,"289,011","282,674","277,060","270,294","261,936","256,012"
E09000032,Wandsworth,London Borough,"337,655",,,,,,,,"326,413","322,658","319,898","316,810","312,262","307,710"
E09000033,Westminster,London Borough,"209,996",,,,,,,,"213,193","215,876","214,341","215,907","219,539","219,582"
E09000002,Barking & Dagenham,London Borough,"232,747",,,,,,,,"211,047","206,450","201,244","196,204","191,453","187,029"
E09000003,Barnet,London Borough,"405,050",,,,,,,,"382,925","377,826","373,853","368,611","363,260","357,538"
E09000004,Bexley,London Borough,"256,434",,,,,,,,"244,006","241,427","239,112","236,169","234,435","232,774"
E09000005,Brent,London Borough,"352,976",,,,,,,,"339,524","335,605","329,981","324,345","317,984","312,245"
E09000006,Bromley,London Borough,"335,319",,,,,,,,"327,701","325,653","321,800","318,582","314,663","310,554"
E09000008,Croydon,London Borough,"409,342",,,,,,,,"384,382","381,277","378,244","374,270","369,617","364,815"
E09000009,Ealing,London Borough,"385,985",,,,,,,,"362,163","359,144","354,660","350,650","344,834","339,314"
E09000010,Enfield,London Borough,"327,434",,,,,,,,"333,295","330,868","326,340","321,754","317,780","313,935"
E09000011,Greenwich,London Borough,"299,528",,,,,,,,"278,768","274,230","268,305","264,036","260,360","255,483"
E09000015,Harrow,London Borough,"270,724",,,,,,,,"257,317","255,308","251,618","247,018","243,800","240,499"
E09000016,Havering,London Borough,"276,274",,,,,,,,"254,487","250,449","246,771","242,550","239,946","237,927"
E09000017,Hillingdon,London Borough,"329,185",,,,,,,,"297,451","294,011","290,225","285,982","281,263","275,499"
E09000018,Hounslow,London Borough,"299,424",,,,,,,,"278,601","275,097","270,773","265,547","260,584","254,927"
E09000021,Kingston upon Thames,London Borough,"172,692",,,,,,,,"168,617","167,594","165,791","164,418","162,562","160,436"
E09000024,Merton,London Borough,"218,539",,,,,,,,"215,514","213,791","211,025","208,529","205,166","200,543"
E09000026,Redbridge,London Borough,"321,231",,,,,,,,"304,369","301,022","295,837","289,976","285,437","281,395"
E09000027,Richmond upon Thames,London Borough,"196,678",,,,,,,,"196,293","194,966","194,492","192,375","189,934","187,527"
E09000029,Sutton,London Borough,"214,525",,,,,,,,"203,299","201,208","199,144","196,678","193,982","191,123"
E09000031,Waltham Forest,London Borough,"279,737",,,,,,,,"277,081","274,579","270,606","267,963","263,575","259,742"
E12000008,SOUTH EAST,Region,"9,642,942",,,,,,,,"9,053,011","8,969,638","8,893,930","8,809,382","8,731,840","8,652,784"
E06000036,Bracknell Forest,Unitary Authority,"130,806",,,,,,,,"119,553","119,078","117,979","116,552","115,100","113,696"
E06000043,Brighton and Hove,Unitary Authority,"283,870",,,,,,,,"279,796","277,351","275,999","275,494","274,051","272,952"
E06000046,Isle of Wight,Unitary Authority,"141,660",,,,,,,,"139,650","139,316","138,899","138,146","138,632","138,392"
E06000035,Medway,Unitary Authority,"292,655",,,,,,,,"277,504","276,037","273,977","271,084","268,144","264,885"
E06000042,Milton Keynes,Unitary Authority,"305,884",,,,,,,,"274,231","269,783","264,948","259,672","254,003","249,895"
E06000044,Portsmouth,Unitary Authority,"214,321",,,,,,,,"209,951","207,873","206,200","205,905","205,729","205,433"
E06000038,Reading,Unitary Authority,"182,907",,,,,,,,"171,750","169,220","166,300","163,089","159,065","155,339"
E06000039,Slough,Unitary Authority,"167,359",,,,,,,,"152,565","150,104","147,313","144,880","143,095","140,713"
E06000045,Southampton,Unitary Authority,"259,424",,,,,,,,"248,662","244,666","241,230","239,484","238,097","235,870"
E06000037,West Berkshire,Unitary Authority,"165,112",,,,,,,,"160,551","158,895","157,663","156,789","155,172","154,148"
E06000040,Windsor and Maidenhead,Unitary Authority,"158,943",,,,,,,,"152,085","150,043","148,936","147,525","146,642","145,098"
E06000041,Wokingham,Unitary Authority,"187,200",,,,,,,,"163,797","161,773","159,576","158,372","157,038","154,943"
E06000060,Buckinghamshire,Unitary Authority,"578,772",,,,,,,,"535,519","529,999","523,613","517,918","512,105","506,550"
E10000011,East Sussex,County,"560,882",,,,,,,,"543,389","540,620","537,577","533,183","530,358","527,209"
E07000061,Eastbourne,Non-metropolitan District,"104,259",,,,,,,,"102,610","101,996","101,328","100,662","99,990","99,308"
E07000062,Hastings,Non-metropolitan District,"91,219",,,,,,,,"92,347","91,795","91,356","90,994","90,493","90,173"
E07000063,Lewes,Non-metropolitan District,"102,363",,,,,,,,"100,062","99,717","99,607","99,215","98,532","97,584"
E07000064,Rother,Non-metropolitan District,"96,133",,,,,,,,"92,314","91,751","91,269","90,487","90,735","90,729"
E07000065,Wealden,Non-metropolitan District,"166,908",,,,,,,,"156,056","155,361","154,017","151,825","150,608","149,415"
E10000014,Hampshire,County,"1,447,214",,,,,,,,"1,368,397","1,358,341","1,349,948","1,339,946","1,331,572","1,322,118"
E07000084,Basingstoke and Deane,Non-metropolitan District,"193,110",,,,,,,,"178,352","176,838","175,144","173,300","171,272","168,550"
E07000085,East Hampshire,Non-metropolitan District,"129,975",,,,,,,,"118,817","118,760","118,015","117,343","116,541","116,010"
E07000086,Eastleigh,Non-metropolitan District,"142,933",,,,,,,,"128,808","128,283","128,255","127,248","126,483","125,852"
E07000087,Fareham,Non-metropolitan District,"115,428",,,,,,,,"115,102","114,480","114,156","113,410","113,033","111,931"
E07000088,Gosport,Non-metropolitan District,"82,921",,,,,,,,"84,476","83,834","83,569","83,015","83,063","82,669"
E07000089,Hart,Non-metropolitan District,"103,162",,,,,,,,"95,560","94,766","93,941","93,015","92,354","91,662"
E07000090,Havant,Non-metropolitan District,"126,985",,,,,,,,"123,043","122,189","121,514","121,105","120,964","120,783"
E07000091,New Forest,Non-metropolitan District,"176,116",,,,,,,,"177,855","177,813","177,875","177,362","177,030","176,789"
E07000092,Rushmoor,Non-metropolitan District,"105,751",,,,,,,,"99,385","97,682","97,064","96,344","95,581","94,354"
E07000093,Test Valley,Non-metropolitan District,"135,201",,,,,,,,"124,155","122,256","120,478","119,068","117,462","116,698"
E07000094,Winchester,Non-metropolitan District,"135,632",,,,,,,,"122,844","121,440","119,937","118,736","117,789","116,820"
E10000016,Kent,County,"1,639,029",,,,,,,,"1,531,022","1,517,016","1,506,187","1,490,021","1,478,262","1,466,466"
E07000105,Ashford,Non-metropolitan District,"140,936",,,,,,,,"126,327","124,580","123,682","121,850","120,191","118,405"
E07000106,Canterbury,Non-metropolitan District,"162,100",,,,,,,,"157,280","156,143","155,151","153,475","151,710","150,600"
E07000107,Dartford,Non-metropolitan District,"125,011",,,,,,,,"105,905","104,379","102,765","100,756","99,064","97,604"
E07000108,Dover,Non-metropolitan District,"119,768",,,,,,,,"113,365","112,464","112,541","111,979","111,529","111,718"
E07000112,Folkestone and Hythe,Non-metropolitan District,"112,411",,,,,,,,"109,235","108,327","108,153","107,899","108,185","108,199"
E07000109,Gravesham,Non-metropolitan District,"110,671",,,,,,,,"106,823","106,404","105,434","103,837","103,004","101,766"
E07000110,Maidstone,Non-metropolitan District,"187,767",,,,,,,,"165,953","164,112","161,567","159,308","157,457","155,764"
E07000111,Sevenoaks,Non-metropolitan District,"122,748",,,,,,,,"118,289","117,735","117,376","116,696","116,250","115,351"
E07000113,Swale,Non-metropolitan District,"158,379",,,,,,,,"145,184","142,723","140,992","139,135","137,694","136,324"
E07000114,Thanet,Non-metropolitan District,"142,691",,,,,,,,"140,373","139,668","138,695","136,916","135,730","134,402"
E07000115,Tonbridge and Malling,Non-metropolitan District,"136,853",,,,,,,,"127,090","125,712","124,603","123,006","122,046","121,087"
E07000116,Tunbridge Wells,Non-metropolitan District,"119,694",,,,,,,,"115,198","114,769","115,228","115,164","115,402","115,246"
E10000025,Oxfordshire,County,"763,218",,,,,,,,"690,541","682,571","676,621","669,390","662,243","654,791"
E07000177,Cherwell,Non-metropolitan District,"170,426",,,,,,,,"150,819","148,630","146,636","145,185","143,519","142,252"
E07000178,Oxford,Non-metropolitan District,"166,034",,,,,,,,"160,119","158,156","157,582","154,916","152,407","150,245"
E07000179,South Oxfordshire,Non-metropolitan District,"156,470",,,,,,,,"141,511","140,260","139,186","137,403","136,267","134,961"
E07000180,Vale of White Horse,Non-metropolitan District,"149,347",,,,,,,,"128,387","126,165","124,581","123,441","122,622","121,891"
E07000181,West Oxfordshire,Non-metropolitan District,"120,941",,,,,,,,"109,705","109,360","108,636","108,445","107,428","105,442"
E10000030,Surrey,County,"1,248,649",,,,,,,,"1,182,180","1,174,418","1,166,995","1,156,631","1,145,011","1,135,367"
E07000207,Elmbridge,Non-metropolitan District,"141,926",,,,,,,,"136,974","136,380","135,980","134,588","132,847","131,428"
E07000208,Epsom and Ewell,Non-metropolitan District,"83,288",,,,,,,,"79,386","78,890","78,456","77,334","76,148","75,191"
E07000209,Guildford,Non-metropolitan District,"151,359",,,,,,,,"142,891","141,577","139,706","138,627","137,893","137,580"
E07000210,Mole Valley,Non-metropolitan District,"88,709",,,,,,,,"87,642","87,459","87,408","87,233","86,366","85,637"
E07000211,Reigate and Banstead,Non-metropolitan District,"159,134",,,,,,,,"145,621","144,433","143,529","141,348","140,083","138,375"
E07000212,Runnymede,Non-metropolitan District,"92,118",,,,,,,,"84,725","83,730","82,874","82,229","81,261","80,501"
E07000213,Spelthorne,Non-metropolitan District,"107,074",,,,,,,,"100,461","99,755","99,057","98,252","97,163","95,852"
E07000214,Surrey Heath,Non-metropolitan District,"94,492",,,,,,,,"89,397","88,945","88,437","87,591","86,985","86,378"
E07000215,Tandridge,Non-metropolitan District,"90,586",,,,,,,,"85,901","85,527","85,121","84,477","83,527","83,178"
E07000216,Waverley,Non-metropolitan District,"134,284",,,,,,,,"124,949","124,436","123,839","123,121","122,173","121,754"
E07000217,Woking,Non-metropolitan District,"105,679",,,,,,,,"104,233","103,286","102,588","101,831","100,565","99,493"
E10000032,West Sussex,County,"915,037",,,,,,,,"851,868","842,534","833,969","825,301","817,521","808,919"
E07000223,Adur,Non-metropolitan District,"64,889",,,,,,,,"63,947","63,808","63,525","62,850","62,158","61,334"
E07000224,Arun,Non-metropolitan District,"170,064",,,,,,,,"159,363","157,474","155,983","154,034","152,162","149,811"
E07000225,Chichester,Non-metropolitan District,"128,934",,,,,,,,"119,711","118,447","116,870","116,120","115,042","113,995"
E07000226,Crawley,Non-metropolitan District,"124,008",,,,,,,,"114,243","112,952","111,522","110,190","108,974","107,053"
E07000227,Horsham,Non-metropolitan District,"151,521",,,,,,,,"138,257","135,832","134,201","132,807","132,145","131,540"
E07000228,Mid Sussex,Non-metropolitan District,"161,755",,,,,,,,"147,001","145,684","144,577","142,951","141,243","140,188"
E07000229,Worthing,Non-metropolitan District,"113,866",,,,,,,,"109,346","108,337","107,291","106,349","105,797","104,998"
E12000009,SOUTH WEST,Region,"5,889,695",,,,,,,,"5,526,982","5,471,487","5,422,159","5,374,783","5,336,343","5,300,831"
E06000022,Bath and North East Somerset,Unitary Authority,"200,028",,,,,,,,"185,507","182,561","180,065","178,743","176,598","175,538"
E06000058,"Bournemouth, Christchurch and Poole",Unitary Authority,"408,967",,,,,,,,"397,066","392,499","389,727","385,483","382,465","379,441"
E06000023,"Bristol, City of",Unitary Authority,"494,399",,,,,,,,"459,588","451,790","443,834","438,984","433,264","428,074"
E06000052,Cornwall,Unitary Authority,"583,289",,,,,,,,"551,203","547,334","543,778","540,061","537,411","533,760"
E06000059,Dorset,Unitary Authority,"389,947",,,,,,,,"372,416","370,728","368,694","367,651","366,572","365,897"
E06000053,Isles of Scilly,Unitary Authority,"2,366",,,,,,,,"2,236","2,238","2,188","2,214","2,249","2,224"
E06000024,North Somerset,Unitary Authority,"224,578",,,,,,,,"212,660","210,553","208,617","206,403","204,465","203,091"
E06000026,Plymouth,Unitary Authority,"272,067",,,,,,,,"264,440","263,088","261,980","259,549","257,886","256,589"
E06000066,Somerset,Unitary Authority,"588,328",,,,,,,,"554,806","548,792","544,312","539,465","535,842","531,581"
E06000025,South Gloucestershire,Unitary Authority,"306,332",,,,,,,,"275,808","272,189","269,840","268,167","265,741","263,417"
E06000030,Swindon,Unitary Authority,"243,875",,,,,,,,"224,498","221,805","218,998","215,994","212,801","209,709"
E06000027,Torbay,Unitary Authority,"140,126",,,,,,,,"136,172","135,052","134,217","132,920","131,806","131,193"
E06000054,Wiltshire,Unitary Authority,"523,700",,,,,,,,"492,706","488,377","484,344","479,505","476,806","474,319"
E10000008,Devon,County,"842,313",,,,,,,,"773,800","766,810","760,234","754,431","751,136","747,709"
E07000040,East Devon,Non-metropolitan District,"158,239",,,,,,,,"140,917","138,588","136,571","134,763","134,117","133,272"
E07000041,Exeter,Non-metropolitan District,"138,399",,,,,,,,"123,347","121,583","119,789","118,994","117,980","117,063"
E07000042,Mid Devon,Non-metropolitan District,"84,993",,,,,,,,"79,448","79,167","78,969","78,572","78,318","77,936"
E07000043,North Devon,Non-metropolitan District,"101,222",,,,,,,,"94,407","93,859","93,740","93,610","93,742","93,976"
E07000044,South Hams,Non-metropolitan District,"92,148",,,,,,,,"84,554","84,616","84,221","83,867","83,523","83,563"
E07000045,Teignbridge,Non-metropolitan District,"138,548",,,,,,,,"129,668","128,566","127,236","125,754","124,830","124,271"
E07000046,Torridge,Non-metropolitan District,"69,841",,,,,,,,"66,512","65,808","65,306","64,860","64,688","63,973"
E07000047,West Devon,Non-metropolitan District,"58,923",,,,,,,,"54,947","54,623","54,402","54,011","53,938","53,655"
E10000013,Gloucestershire,County,"669,380",,,,,,,,"624,076","617,671","611,331","605,213","601,301","598,289"
E07000078,Cheltenham,Non-metropolitan District,"121,739",,,,,,,,"118,953","117,693","117,094","116,164","116,018","115,645"
E07000079,Cotswold,Non-metropolitan District,"91,661",,,,,,,,"85,994","85,293","84,656","83,986","83,483","83,180"
E07000080,Forest of Dean,Non-metropolitan District,"89,753",,,,,,,,"85,135","84,335","83,377","82,672","82,437","82,200"
E07000081,Gloucester,Non-metropolitan District,"138,598",,,,,,,,"129,716","128,032","126,167","124,947","123,467","121,921"
E07000082,Stroud,Non-metropolitan District,"125,680",,,,,,,,"117,213","116,770","115,211","113,895","113,328","113,074"
E07000083,Tewkesbury,Non-metropolitan District,"101,949",,,,,,,,"87,065","85,548","84,826","83,549","82,568","82,269"
W92000004,WALES,Country,"3,186,581",,,,,,,,"3,077,165","3,072,739","3,073,788","3,071,058","3,070,928","3,063,758"
W06000001,Isle of Anglesey,Unitary Authority,"69,097",,,,,,,,"68,826","69,415","69,761","69,880","69,964","69,913"
W06000002,Gwynedd,Unitary Authority,"120,813",,,,,,,,"118,958","119,632","119,796","120,403","121,439","121,523"
W06000003,Conwy,Unitary Authority,"114,891",,,,,,,,"115,391","115,380","115,700","115,313","115,432","115,326"
W06000004,Denbighshire,Unitary Authority,"98,202",,,,,,,,"94,723","94,691","94,670","94,378","94,119","93,919"
W06000005,Flintshire,Unitary Authority,"155,867",,,,,,,,"154,166","153,688","153,439","152,906","152,660","152,666"
W06000006,Wrexham,Unitary Authority,"138,245",,,,,,,,"135,354","135,565","135,983","135,861","135,589","135,070"
W06000023,Powys,Unitary Authority,"135,059",,,,,,,,"132,531","132,945","132,809","132,719","133,146","133,071"
W06000008,Ceredigion,Unitary Authority,"72,599",,,,,,,,"72,900","73,724","75,197","76,087","76,215","75,293"
W06000009,Pembrokeshire,Unitary Authority,"125,761",,,,,,,,"121,438","121,721","122,148","122,302","122,621","122,613"
W06000010,Carmarthenshire,Unitary Authority,"190,800",,,,,,,,"184,985","184,404","184,349","184,252","184,206","183,961"
W06000011,Swansea,Unitary Authority,"251,304",,,,,,,,"239,300","239,354","239,228","239,237","239,197","238,691"
W06000012,Neath Port Talbot,Unitary Authority,"143,249",,,,,,,,"141,000","139,704","139,439","139,093","139,694","139,880"
W06000013,Bridgend,Unitary Authority,"147,530",,,,,,,,"142,887","142,177","141,333","140,579","139,985","139,410"
W06000014,Vale of Glamorgan,Unitary Authority,"135,743",,,,,,,,"127,082","126,261","126,714","126,458","126,703","126,679"
W06000015,Cardiff,Unitary Authority,"383,919",,,,,,,,"352,982","351,600","350,949","349,982","348,084","345,442"
W06000016,Rhondda Cynon Taf,Unitary Authority,"242,844",,,,,,,,"235,567","235,233","235,284","235,145","235,271","234,373"
W06000024,Merthyr Tydfil,Unitary Authority,"58,972",,,,,,,,"59,247","58,922","58,859","58,791","58,869","58,851"
W06000018,Caerphilly,Unitary Authority,"176,865",,,,,,,,"178,013","178,269","178,513","178,236","178,563","178,782"
W06000019,Blaenau Gwent,Unitary Authority,"67,873",,,,,,,,"68,135","68,395","68,737","69,186","69,589","69,812"
W06000020,Torfaen,Unitary Authority,"94,119",,,,,,,,"90,730","90,844","90,866","90,842","91,199","91,190"
W06000021,Monmouthshire,Unitary Authority,"94,930",,,,,,,,"92,024","91,867","91,864","91,822","91,623","91,508"
W06000022,Newport,Unitary Authority,"167,899",,,,,,,,"150,926","148,948","148,150","147,586","146,760","145,785"
S92000003,SCOTLAND,Country,"5,546,900",,,,,,,,"5,373,600","5,350,600","5,331,400","5,316,800","5,308,200","5,299,900"
S12000033,Aberdeen City,Council area,"231,780",,,,,,,,"225,340","226,680","226,170","225,260","224,040","222,460"
S12000034,Aberdeenshire,Council area,"265,080",,,,,,,,"263,460","263,250","261,350","258,130","255,750","253,650"
S12000041,Angus,Council area,"114,810",,,,,,,,"116,450","116,870","116,550","116,170","116,110","116,200"
S12000035,Argyll and Bute,Council area,"87,690",,,,,,,,"88,230","87,850","88,450","88,470","87,170","88,930"
S12000036,City of Edinburgh,Council area,"530,680",,,,,,,,"496,200","490,280","485,270","482,650","480,420","477,940"
S12000005,Clackmannanshire,Council area,"52,110",,,,,,,,"51,540","51,560","51,390","51,400","51,350","51,500"
S12000006,Dumfries and Galloway,Council area,"145,860",,,,,,,,"148,390","148,820","149,490","149,960","150,660","151,410"
S12000042,Dundee City,Council area,"149,880",,,,,,,,"147,220","147,320","147,360","147,560","147,560","147,200"
S12000008,East Ayrshire,Council area,"121,480",,,,,,,,"121,580","121,620","121,870","122,270","122,620","122,690"
S12000045,East Dunbartonshire,Council area,"109,970",,,,,,,,"107,830","107,350","106,930","105,970","105,910","105,000"
S12000010,East Lothian,Council area,"115,180",,,,,,,,"105,170","104,110","102,880","101,900","101,080","99,920"
S12000011,East Renfrewshire,Council area,"99,830",,,,,,,,"93,880","93,090","92,530","91,660","91,060","90,810"
S12000014,Falkirk,Council area,"160,020",,,,,,,,"158,660","157,880","157,270","156,860","156,580","156,250"
S12000047,Fife,Council area,"374,760",,,,,,,,"368,830","367,020","366,370","366,350","365,950","365,300"
S12000049,Glasgow City,Council area,"650,300",,,,,,,,"600,820","595,200","592,400","592,090","593,080","593,060"
S12000017,Highland,Council area,"237,290",,,,,,,,"234,570","234,060","233,180","233,080","233,000","232,730"
S12000018,Inverclyde,Council area,"78,880",,,,,,,,"80,110","80,340","80,540","80,870","80,990","81,220"
S12000019,Midlothian,Council area,"99,880",,,,,,,,"89,470","88,180","86,880","85,120","84,390","83,450"
S12000020,Moray,Council area,"95,010",,,,,,,,"95,110","94,800","94,180","93,940","92,720","93,470"
S12000013,Na h-Eileanan Siar,Council area,"26,020",,,,,,,,"26,700","26,930","27,180","27,350","27,540","27,690"
S12000021,North Ayrshire,Council area,"134,010",,,,,,,,"135,950","136,220","136,670","137,100","137,640","138,090"
S12000050,North Lanarkshire,Council area,"344,540",,,,,,,,"339,740","338,750","338,440","338,000","337,990","337,720"
S12000023,Orkney Islands,Council area,"22,020",,,,,,,,"21,640","21,520","21,510","21,510","21,500","21,420"
S12000048,Perth and Kinross,Council area,"154,420",,,,,,,,"149,170","148,490","147,800","147,010","147,260","146,850"
S12000038,Renfrewshire,Council area,"189,170",,,,,,,,"177,400","175,900","175,280","174,600","174,660","174,700"
S12000026,Scottish Borders,Council area,"116,980",,,,,,,,"115,460","114,890","114,760","114,350","113,940","113,880"
S12000027,Shetland Islands,Council area,"23,190",,,,,,,,"23,240","23,370","23,330","23,180","23,200","23,240"
S12000028,South Ayrshire,Council area,"112,260",,,,,,,,"112,200","112,260","112,440","112,710","112,900","112,980"
S12000029,South Lanarkshire,Council area,"334,030",,,,,,,,"319,050","318,110","316,770","315,810","314,770","313,900"
S12000030,Stirling,Council area,"94,210",,,,,,,,"91,600","90,890","90,150","90,290","90,460","90,330"
S12000039,West Dunbartonshire,Council area,"89,120",,,,,,,,"90,260","89,930","89,950","89,980","90,420","90,610"
S12000040,West Lothian,Council area,"186,440",,,,,,,,"178,330","177,060","176,060","175,200","175,480","175,300"
N92000002,NORTHERN IRELAND,Country,"1,927,855",,,,,,,,"1,866,042","1,854,943","1,843,186","1,831,677","1,824,603","1,814,318"
N09000001,Antrim and Newtownabbey,Local Government District,"148,100",,,,,,,,"142,138","141,364","140,682","140,042","139,397","138,651"
N09000002,"Armagh City, Banbridge and Craigavon",Local Government District,"222,511",,,,,,,,"210,924","208,339","206,141","204,072","202,560","200,298"
N09000003,Belfast,Local Government District,"352,390",,,,,,,,"341,111","340,194","337,872","335,881","334,322","333,895"
N09000004,Causeway Coast and Glens,Local Government District,"141,954",,,,,,,,"142,158","142,052","141,453","141,100","141,147","140,907"
N09000005,Derry City and Strabane,Local Government District,"152,383",,,,,,,,"150,259","149,589","149,307","148,721","148,666","148,191"
N09000006,Fermanagh and Omagh,Local Government District,"117,687",,,,,,,,"115,456","115,057","114,785","114,219","114,162","113,501"
N09000007,Lisburn and Castlereagh,Local Government District,"151,669",,,,,,,,"142,088","140,938","139,186","137,201","136,498","135,280"
N09000008,Mid and East Antrim,Local Government District,"139,913",,,,,,,,"137,718","137,085","136,610","135,983","135,837","135,365"
N09000009,Mid Ulster,Local Government District,"152,718",,,,,,,,"145,874","144,404","143,217","141,551","140,466","139,011"
N09000010,"Newry, Mourne and Down",Local Government District,"183,115",,,,,,,,"178,017","176,559","175,557","174,951","173,754","172,276"
N09000011,Ards and North Down,Local Government District,"165,415",,,,,,,,"160,299","159,362","158,376","157,956","157,794","156,943"